{"sensitivity_calculation": 9.843722343444824, "clustering": 2509.2453606128693, "finetune": 397.0489032268524, "encode": 0.4918181896209717, "total": 2916.6298043727875}