{"sensitivity_calculation": 4.472893476486206, "clustering": 293.3974304199219, "finetune": 147.18063282966614, "encode": 0.3226778507232666, "total": 445.3736345767975}